Model,Accuracy,F1_Score
MLP,0.14239514403701678,0.10812938020007563
Random Forest,0.13965868948703916,0.11250319923614463
